decided_at,market,side,model_prob,entry_price,shares,edge,cost_usd,price_to_beat,final_price,won,stopped,stop_price,hold_pnl,stop_pnl,bankroll_hold,bankroll_stop
2026-06-09T00:14:18.043100+00:00,btc-updown-5m-1780963800,Down,0.9877,0.76,6.5789,0.2277,5.0,63034.21272113897,62978.8,True,False,,1.5789,1.5789,101.5789,101.5789
2026-06-09T00:19:33.589764+00:00,btc-updown-5m-1780964100,Up,0.8594,0.55,9.2344,0.3094,5.0789,62978.7950087159,62984.83,True,False,,4.1555,4.1555,105.7344,105.7344
2026-06-09T00:34:16.481774+00:00,btc-updown-5m-1780965000,Down,0.9999,0.87,6.0767,0.1299,5.2867,62719.748,62717.4,True,False,,0.79,0.79,106.5244,106.5244
2026-06-09T00:59:45.340237+00:00,btc-updown-5m-1780966500,Down,0.8638,0.16,33.2889,0.7038,5.3262,62540.73398,62541.71,False,False,,-5.3262,-5.3262,101.1982,101.1982
2026-06-09T01:09:15.914105+00:00,btc-updown-5m-1780967100,Down,0.9847,0.2,25.2995,0.7847,5.0599,62632.092363469324,62611.04,True,True,0.23,20.2396,0.759,121.4378,101.9572
2026-06-09T01:14:17.198988+00:00,btc-updown-5m-1780967400,Up,0.9962,0.93,6.5289,0.0662,6.0719,62611.03668620911,62648.9,True,False,,0.457,0.457,121.8948,102.4142
2026-06-09T02:34:39.429168+00:00,btc-updown-5m-1780972200,Down,0.9045,0.64,9.523,0.2645,6.0947,62748.46995522035,62720.33,True,False,,3.4283,3.4283,125.3231,105.8425
2026-06-09T02:44:32.394002+00:00,btc-updown-5m-1780972800,Up,0.8535,0.64,9.7909,0.2135,6.2662,62578.89481065729,62594.31,True,False,,3.5247,3.5247,128.8478,109.3672
2026-06-09T02:54:15.328786+00:00,btc-updown-5m-1780973400,Down,0.9176,0.22,29.2836,0.6976,6.4424,62715.3091983197,62763.45,False,False,,-6.4424,-6.4424,122.4054,102.9248
2026-06-09T03:04:17.566264+00:00,btc-updown-5m-1780974000,Down,0.9555,0.86,7.1166,0.0955,6.1203,62830.82049518968,62809.02,True,False,,0.9963,0.9963,123.4017,103.9211
2026-06-09T03:19:21.016864+00:00,btc-updown-5m-1780974900,Up,0.9917,0.94,6.5639,0.0517,6.1701,62891.17407390004,62885.28,False,True,0.09,-6.1701,-5.5793,117.2316,98.3418
2026-06-09T04:39:17.009105+00:00,btc-updown-5m-1780979700,Up,0.9979,0.92,6.3713,0.0779,5.8616,63124.57021437593,63296.53,True,False,,0.5097,0.5097,117.7413,98.8515
2026-06-09T04:59:16.233536+00:00,btc-updown-5m-1780980900,Down,1.0,0.93,6.3302,0.07,5.8871,63266.819635,63236.29,True,False,,0.4431,0.4431,118.1844,99.2946
2026-06-09T05:04:18.105489+00:00,btc-updown-5m-1780981200,Down,0.9999,0.25,23.6369,0.7499,5.9092,63236.29031311696,63269.79,False,False,,-5.9092,-5.9092,112.2752,93.3854
2026-06-09T05:24:49.736374+00:00,btc-updown-5m-1780982400,Down,0.8635,0.39,14.3943,0.4735,5.6138,63293.49745800782,63296.24,False,True,0.12,-5.6138,-3.8865,106.6614,89.4989
2026-06-09T05:29:19.643895+00:00,btc-updown-5m-1780982700,Down,0.9945,0.64,8.3329,0.3545,5.3331,63296.237795560846,63281.1,True,False,,2.9998,2.9998,109.6612,92.4987
2026-06-09T05:44:17.413353+00:00,btc-updown-5m-1780983600,Down,0.9819,0.91,6.0253,0.0719,5.4831,63398.14949,63338.95,True,False,,0.5422,0.5422,110.2034,93.0409
2026-06-09T05:59:31.466355+00:00,btc-updown-5m-1780984500,Down,0.8515,0.66,8.3487,0.1915,5.5102,63321.22605,63306.08,True,False,,2.8385,2.8385,113.0419,95.8794
2026-06-09T06:04:38.143255+00:00,btc-updown-5m-1780984800,Down,0.9993,0.92,6.1436,0.0793,5.6521,63306.08016,63270.04,True,False,,0.4915,0.4915,113.5334,96.3709
2026-06-09T06:09:18.853701+00:00,btc-updown-5m-1780985100,Up,1.0,0.54,10.5124,0.46,5.6767,63270.03882,63307.85,True,False,,4.8357,4.8357,118.3691,101.2066
2026-06-09T06:19:16.629020+00:00,btc-updown-5m-1780985700,Up,0.996,0.94,6.2962,0.056,5.9185,63329.57917,63382.44,True,False,,0.3777,0.3777,118.7468,101.5843
2026-06-09T06:24:38.335623+00:00,btc-updown-5m-1780986000,Up,1.0,0.9,6.597,0.1,5.9373,63382.44269040562,63410.01,True,False,,0.6597,0.6597,119.4065,102.244
2026-06-09T06:29:19.015025+00:00,btc-updown-5m-1780986300,Down,0.8985,0.24,24.8764,0.6585,5.9703,63410.012685113994,63383.49,True,False,,18.9061,18.9061,138.3126,121.1501
2026-06-09T06:39:34.204319+00:00,btc-updown-5m-1780986900,Up,1.0,0.8,8.6445,0.2,6.9156,63333.31421,63364.8,True,False,,1.7289,1.7289,140.0415,122.879
2026-06-09T06:49:17.307768+00:00,btc-updown-5m-1780987500,Up,0.998,0.56,12.5037,0.438,7.0021,63314.08670029409,63336.04,True,False,,5.5016,5.5016,145.5431,128.3806
2026-06-09T06:54:15.430905+00:00,btc-updown-5m-1780987800,Down,1.0,0.92,7.91,0.08,7.2772,63336.03866187915,63217.97,True,False,,0.6328,0.6328,146.1759,129.0134
2026-06-09T06:59:16.212985+00:00,btc-updown-5m-1780988100,Up,1.0,0.85,8.5986,0.15,7.3088,63217.969509756105,63263.61,True,False,,1.2898,1.2898,147.4657,130.3032
2026-06-09T07:39:26.250126+00:00,btc-updown-5m-1780990500,Down,0.9359,0.42,17.5554,0.5159,7.3733,63113.71466960213,63138.44,False,True,0.04,-7.3733,-6.6711,140.0924,123.6321
2026-06-09T07:44:18.033063+00:00,btc-updown-5m-1780990800,Up,0.9561,0.9,7.7829,0.0561,7.0046,63138.43597156533,63147.72,True,False,,0.7783,0.7783,140.8707,124.4104
2026-06-09T07:54:42.290662+00:00,btc-updown-5m-1780991400,Up,0.8574,0.72,9.7827,0.1374,7.0435,63142.79937142482,63159.27,True,False,,2.7392,2.7392,143.6099,127.1496
2026-06-09T08:14:37.152096+00:00,btc-updown-5m-1780992600,Up,0.9614,0.86,8.3494,0.1014,7.1805,62850.56747,62874.5,True,False,,1.1689,1.1689,144.7788,128.3185
2026-06-09T08:19:23.869948+00:00,btc-updown-5m-1780992900,Up,0.858,0.45,16.0865,0.408,7.2389,62874.500595,62871.53,False,True,0.36,-7.2389,-1.4478,137.5399,126.8707
2026-06-09T08:24:18.700830+00:00,btc-updown-5m-1780993200,Up,0.9995,0.91,7.5571,0.0895,6.877,62871.52783679977,62904.58,True,False,,0.6801,0.6801,138.22,127.5508
2026-06-09T08:44:30.701801+00:00,btc-updown-5m-1780994400,Up,0.8919,0.76,9.0934,0.1319,6.911,62935.78941181905,62946.44,True,False,,2.1824,2.1824,140.4024,129.7332
2026-06-09T09:39:16.848385+00:00,btc-updown-5m-1780997700,Down,0.8972,0.65,10.8002,0.2472,7.0201,62627.32232632532,62597.62,True,False,,3.7801,3.7801,144.1825,133.5133
2026-06-09T09:49:27.647082+00:00,btc-updown-5m-1780998300,Down,0.8599,0.76,9.4857,0.0999,7.2091,62636.14792058342,62625.96,True,False,,2.2766,2.2766,146.4591,135.7899
2026-06-09T09:54:15.906020+00:00,btc-updown-5m-1780998600,Up,0.9669,0.64,11.4421,0.3269,7.323,62625.962502742805,62647.13,True,False,,4.1191,4.1191,150.5782,139.909
2026-06-09T14:09:18.331038+00:00,btc-updown-5m-1781013900,Down,0.8522,0.54,13.9424,0.3122,7.5289,62205.09071460194,62104.81,True,False,,6.4135,6.4135,156.9917,146.3225
2026-06-09T14:34:36.338945+00:00,btc-updown-5m-1781015400,Up,0.8599,0.36,21.8044,0.4999,7.8496,61546.81278475417,61526.43,False,True,0.15,-7.8496,-4.5789,149.1421,141.7436
2026-06-09T21:24:29.419975+00:00,btc-updown-5m-1781040000,Down,1.0,0.95,7.8496,0.05,7.4571,61935.694435,61876.18,True,False,,0.3925,0.3925,149.5346,142.1361
2026-06-09T21:34:17.237120+00:00,btc-updown-5m-1781040600,Up,1.0,0.91,8.2162,0.09,7.4767,61756.9385054342,61780.51,True,False,,0.7395,0.7395,150.2741,142.8756
2026-06-09T21:59:16.762946+00:00,btc-updown-5m-1781042100,Down,0.9294,0.25,30.0548,0.6794,7.5137,61671.86395924026,61712.76,False,True,0.21,-7.5137,-1.2022,142.7604,141.6734
2026-06-09T23:09:33.296785+00:00,btc-updown-5m-1781046300,Up,0.8647,0.35,20.3943,0.5147,7.138,61736.35452,61725.44,False,True,0.3,-7.138,-1.0197,135.6224,140.6537
2026-06-09T23:34:15.567800+00:00,btc-updown-5m-1781047800,Up,0.9957,0.89,7.6192,0.1057,6.7811,61651.653065,61643.51,False,True,0.02,-6.7811,-6.6287,128.8413,134.025
2026-06-09T23:49:37.726216+00:00,btc-updown-5m-1781048700,Down,0.9894,0.92,7.0022,0.0694,6.4421,61595.46838072815,61572.48,True,False,,0.5601,0.5601,129.4014,134.5851
2026-06-09T23:59:38.092702+00:00,btc-updown-5m-1781049300,Up,0.945,0.8,8.0876,0.145,6.4701,61654.44775795489,61671.82,True,False,,1.6175,1.6175,131.0189,136.2026
2026-06-10T00:09:47.695450+00:00,btc-updown-5m-1781049900,Down,0.9679,0.88,7.4443,0.0879,6.5509,61776.77404,61752.65,True,False,,0.8934,0.8934,131.9123,137.096
2026-06-10T00:19:47.426452+00:00,btc-updown-5m-1781050500,Down,1.0,0.75,8.7942,0.25,6.5956,61793.75290030732,61783.3,True,False,,2.1986,2.1986,134.1109,139.2946
2026-06-10T00:24:15.472829+00:00,btc-updown-5m-1781050800,Down,1.0,0.93,7.2103,0.07,6.7055,61783.29747854292,61750.46,True,False,,0.5048,0.5048,134.6157,139.7994
2026-06-10T00:54:21.447602+00:00,btc-updown-5m-1781052600,Up,0.9996,0.88,7.6486,0.1196,6.7308,61639.25966136304,61689.37,True,False,,0.9178,0.9178,135.5335,140.7172
2026-06-10T01:04:23.747730+00:00,btc-updown-5m-1781053200,Up,0.952,0.61,10.0,0.342,6.1,61845.917617756764,61924.14,True,False,,3.9,3.9,139.4335,144.6172
2026-06-10T01:19:15.560589+00:00,btc-updown-5m-1781054100,Up,0.9792,0.71,4.25,0.2692,3.0175,61766.62901,61835.96,True,False,,1.2325,1.2325,140.666,145.8497
2026-06-10T01:29:32.042232+00:00,btc-updown-5m-1781054700,Up,1.0,0.94,7.4822,0.06,7.0333,61722.66709912795,61780.55,True,False,,0.4489,0.4489,141.1149,146.2986
2026-06-10T01:34:28.586895+00:00,btc-updown-5m-1781055000,Up,0.8638,0.78,9.0458,0.0838,7.0557,61780.55321151958,61848.57,True,False,,1.9901,1.9901,143.105,148.2887
2026-06-10T01:54:17.418965+00:00,btc-updown-5m-1781056200,Down,0.9646,0.9,7.9503,0.0646,7.1552,61781.78408701178,61741.0,True,False,,0.7951,0.7951,143.9001,149.0838
2026-06-10T02:04:16.452124+00:00,btc-updown-5m-1781056800,Up,0.9987,0.7,10.2786,0.2987,7.195,61667.79345,61680.13,True,False,,3.0836,3.0836,146.9837,152.1674
2026-06-10T02:24:42.554902+00:00,btc-updown-5m-1781058000,Up,1.0,0.94,7.8183,0.06,7.3492,61380.3106250492,61432.11,True,False,,0.4691,0.4691,147.4528,152.6365
2026-06-10T02:29:16.844450+00:00,btc-updown-5m-1781058300,Down,0.8781,0.46,16.0275,0.4181,7.3726,61432.106392088775,61436.35,False,False,,-7.3726,-7.3726,140.0802,145.2639
2026-06-10T02:39:50.792186+00:00,btc-updown-5m-1781058900,Up,1.0,0.94,7.4511,0.06,7.004,61310.206582361134,61354.55,True,False,,0.4471,0.4471,140.5273,145.711
2026-06-10T02:44:15.716613+00:00,btc-updown-5m-1781059200,Down,0.9999,0.51,13.7772,0.4899,7.0264,61354.547572956806,61324.52,True,False,,6.7508,6.7508,147.2781,152.4618
2026-06-10T03:14:17.887040+00:00,btc-updown-5m-1781061000,Down,0.9998,0.93,7.9182,0.0698,7.3639,61434.106191650746,61391.82,True,False,,0.5543,0.5543,147.8324,153.0161
2026-06-10T03:24:17.535287+00:00,btc-updown-5m-1781061600,Up,0.9623,0.9,8.2129,0.0623,7.3916,61327.672377363626,61354.63,True,False,,0.8213,0.8213,148.6537,153.8374
2026-06-10T03:49:17.066000+00:00,btc-updown-5m-1781063100,Up,0.9757,0.89,8.3513,0.0857,7.4327,61483.596523582964,61514.71,True,False,,0.9186,0.9186,149.5723,154.756
2026-06-10T03:54:39.283817+00:00,btc-updown-5m-1781063400,Down,1.0,0.94,7.956,0.06,7.4786,61514.71233415866,61503.53,True,False,,0.4774,0.4774,150.0497,155.2334
2026-06-10T03:59:38.977938+00:00,btc-updown-5m-1781063700,Down,0.8577,0.53,14.1556,0.3277,7.5025,61503.53034107243,61505.68,False,True,0.42,-7.5025,-1.5571,142.5472,153.6763
2026-06-10T04:09:17.344759+00:00,btc-updown-5m-1781064300,Up,1.0,0.46,15.4943,0.54,7.1274,61425.09585641834,61506.14,True,False,,8.3669,8.3669,150.9141,162.0432
2026-06-10T04:14:17.568593+00:00,btc-updown-5m-1781064600,Down,1.0,0.5,15.0914,0.5,7.5457,61506.14227836219,61458.9,True,False,,7.5457,7.5457,158.4598,169.5889
2026-06-10T04:19:17.988032+00:00,btc-updown-5m-1781064900,Up,0.857,0.51,15.5353,0.347,7.923,61458.896695,61467.88,True,False,,7.6123,7.6123,166.0721,177.2012
2026-06-10T04:24:47.897552+00:00,btc-updown-5m-1781065200,Down,0.9972,0.5,16.6072,0.4972,8.3036,61467.88208383568,61452.33,True,False,,8.3036,8.3036,174.3757,185.5048
2026-06-10T04:29:17.765057+00:00,btc-updown-5m-1781065500,Down,0.9996,0.5,17.4376,0.4996,8.7188,61452.32969659083,61430.55,True,False,,8.7188,8.7188,183.0945,194.2236
2026-06-10T04:44:15.549964+00:00,btc-updown-5m-1781066400,Down,0.9798,0.85,10.7703,0.1298,9.1547,61200.70020796312,61182.41,True,False,,1.6156,1.6156,184.7101,195.8392
2026-06-10T04:59:15.502519+00:00,btc-updown-5m-1781067300,Down,0.9999,0.64,14.4305,0.3599,9.2355,61251.13925538016,61238.45,True,False,,5.195,5.195,189.9051,201.0342
2026-06-10T05:04:51.738989+00:00,btc-updown-5m-1781067600,Down,0.9926,0.71,10.59,0.2826,7.5189,61238.45295756316,61222.16,True,False,,3.0711,3.0711,192.9762,204.1053
2026-06-10T05:09:18.518085+00:00,btc-updown-5m-1781067900,Down,0.9987,0.5,19.2976,0.4987,9.6488,61222.16315366411,61123.25,True,False,,9.6488,9.6488,202.625,213.7541
2026-06-10T05:14:27.712439+00:00,btc-updown-5m-1781068200,Down,0.9761,0.84,12.061,0.1361,10.1313,61123.24804564167,61106.86,True,False,,1.9297,1.9297,204.5547,215.6838
2026-06-10T05:24:15.730045+00:00,btc-updown-5m-1781068800,Up,0.9985,0.82,12.4728,0.1785,10.2277,61051.54526104176,61105.6,True,False,,2.2451,2.2451,206.7998,217.9289
2026-06-10T05:34:15.349952+00:00,btc-updown-5m-1781069400,Up,0.9994,0.75,13.7867,0.2494,10.34,61212.273545,61239.6,True,False,,3.4467,3.4467,210.2465,221.3756
2026-06-10T05:44:15.210507+00:00,btc-updown-5m-1781070000,Up,0.9998,0.93,11.3036,0.0698,10.5123,61191.39961,61232.93,True,False,,0.7913,0.7913,211.0378,222.1669
2026-06-10T06:04:29.548538+00:00,btc-updown-5m-1781071200,Up,0.8572,0.65,16.2337,0.2072,10.5519,61283.92222902553,61334.14,True,False,,5.6818,5.6818,216.7196,227.8487
2026-06-10T06:14:16.892340+00:00,btc-updown-5m-1781071800,Up,0.9576,0.83,13.0554,0.1276,10.836,61322.749725,61340.6,True,False,,2.2194,2.2194,218.939,230.0681
2026-06-10T06:29:44.581282+00:00,btc-updown-5m-1781072700,Down,1.0,0.92,11.8989,0.08,10.947,61302.775495,61301.58,True,False,,0.9519,0.9519,219.8909,231.02
2026-06-10T06:44:17.889946+00:00,btc-updown-5m-1781073600,Down,0.9533,0.86,12.7844,0.0933,10.9945,61379.032538143416,61383.81,False,True,0.36,-10.9945,-6.3921,208.8964,224.6279
2026-06-10T07:09:46.565904+00:00,btc-updown-5m-1781075100,Up,0.9981,0.87,12.0055,0.1281,10.4448,61490.44053431497,61513.36,True,False,,1.5607,1.5607,210.4571,226.1886
2026-06-10T07:14:41.616637+00:00,btc-updown-5m-1781075400,Up,0.9571,0.89,11.8234,0.0671,10.5229,61513.36107657919,61532.28,True,False,,1.3005,1.3005,211.7576,227.4891
2026-06-10T07:24:37.131747+00:00,btc-updown-5m-1781076000,Down,0.9998,0.86,12.3115,0.1398,10.5879,61621.967532921735,61631.92,False,False,,-10.5879,-10.5879,201.1697,216.9012
2026-06-10T07:29:16.557604+00:00,btc-updown-5m-1781076300,Down,0.9959,0.89,11.3017,0.1059,10.0585,61631.920785568385,61606.57,True,False,,1.2432,1.2432,202.4129,218.1444
2026-06-10T07:34:16.773985+00:00,btc-updown-5m-1781076600,Down,0.9654,0.15,30.0,0.8154,4.5,61606.56993031483,61619.33,False,False,,-4.5,-4.5,197.9129,213.6444
2026-06-10T07:39:17.843846+00:00,btc-updown-5m-1781076900,Up,0.9654,0.06,164.9274,0.9054,9.8956,61619.333629680994,61664.01,True,False,,155.0318,155.0318,352.9447,368.6762
2026-06-10T07:44:18.442434+00:00,btc-updown-5m-1781077200,Up,0.9996,0.93,18.9755,0.0696,17.6472,61664.00676,61705.6,True,False,,1.3283,1.3283,354.273,370.0045
2026-06-10T07:54:16.222243+00:00,btc-updown-5m-1781077800,Up,0.9834,0.25,70.8546,0.7334,17.7137,61654.21718581734,61637.24,False,True,0.27,-17.7137,1.417,336.5593,371.4215
2026-06-10T08:04:27.136328+00:00,btc-updown-5m-1781078400,Down,0.9994,0.92,18.2913,0.0794,16.828,61642.243983543354,61585.53,True,False,,1.4633,1.4633,338.0226,372.8848
2026-06-10T08:14:15.417301+00:00,btc-updown-5m-1781079000,Up,1.0,0.94,17.9799,0.06,16.9011,61505.532264993635,61571.79,True,False,,1.0788,1.0788,339.1014,373.9636
2026-06-10T08:19:25.032590+00:00,btc-updown-5m-1781079300,Up,0.9329,0.48,35.3231,0.4529,16.9551,61571.791141060065,61567.44,False,True,0.65,-16.9551,6.0049,322.1463,379.9685
2026-06-10T08:24:18.890080+00:00,btc-updown-5m-1781079600,Down,0.9246,0.87,18.5142,0.0546,16.1073,61567.44247,61479.48,True,False,,2.4069,2.4069,324.5532,382.3754
2026-06-10T08:29:15.399414+00:00,btc-updown-5m-1781079900,Down,0.9903,0.67,24.2204,0.3203,16.2277,61479.48017236565,61465.61,True,False,,7.9927,7.9927,332.5459,390.3681
2026-06-10T14:49:15.839531+00:00,btc-updown-5m-1781102700,Down,1.0,0.89,18.6824,0.11,16.6273,62043.37540473366,61825.13,True,False,,2.0551,2.0551,334.601,392.4232
2026-06-10T14:54:38.214644+00:00,btc-updown-5m-1781103000,Up,1.0,0.41,40.805,0.59,16.7301,61825.132436342254,61884.02,True,False,,24.0749,24.0749,358.6759,416.4981
2026-06-10T14:59:17.553587+00:00,btc-updown-5m-1781103300,Down,0.9909,0.01,1793.3795,0.9809,17.9338,61884.015998718496,62115.65,False,False,,-17.9338,-17.9338,340.7421,398.5643
2026-06-10T15:04:18.552661+00:00,btc-updown-5m-1781103600,Up,0.9754,0.83,20.5266,0.1454,17.0371,62115.64874377988,62217.92,True,False,,3.4895,3.4895,344.2316,402.0538
2026-06-10T15:14:18.137983+00:00,btc-updown-5m-1781104200,Down,1.0,0.25,57.5,0.75,14.375,61944.867374952184,61830.52,True,False,,43.125,43.125,387.3566,445.1788
2026-06-10T19:24:15.327793+00:00,btc-updown-5m-1781119200,Down,0.9314,0.71,27.2786,0.2214,19.3678,61673.02805572482,61664.56,True,False,,7.9108,7.9108,395.2674,453.0896
2026-06-10T19:29:17.243361+00:00,btc-updown-5m-1781119500,Up,0.9923,0.82,24.1017,0.1723,19.7634,61664.555739899326,61708.03,True,False,,4.3383,4.3383,399.6057,457.4279
2026-06-10T19:44:19.519376+00:00,btc-updown-5m-1781120400,Down,0.9034,0.39,51.2315,0.5134,19.9803,61968.142343593296,61944.0,True,False,,31.2512,31.2512,430.8569,488.6791
2026-06-10T19:54:16.747837+00:00,btc-updown-5m-1781121000,Up,0.9958,0.59,36.5133,0.4058,21.5428,61885.131603255315,61876.05,False,True,0.06,-21.5428,-19.352,409.3141,469.3271
2026-06-10T19:59:17.081400+00:00,btc-updown-5m-1781121300,Up,0.9998,0.77,10.0,0.2298,7.7,61876.05419931399,61912.18,True,False,,2.3,2.3,411.6141,471.6271
2026-06-10T20:14:16.859112+00:00,btc-updown-5m-1781122200,Up,1.0,0.9,6.15,0.1,5.535,61651.74431935833,61750.41,True,False,,0.615,0.615,412.2291,472.2421
2026-06-10T20:19:30.456469+00:00,btc-updown-5m-1781122500,Up,0.943,0.86,23.9668,0.083,20.6115,61750.409804031915,61777.6,True,False,,3.3553,3.3553,415.5844,475.5974
2026-06-10T20:29:21.734067+00:00,btc-updown-5m-1781123100,Up,0.8969,0.26,79.9201,0.6369,20.7792,61835.73798119253,61850.88,True,False,,59.1409,59.1409,474.7253,534.7383
2026-06-10T20:34:48.701875+00:00,btc-updown-5m-1781123400,Up,0.8754,0.57,41.6426,0.3054,23.7363,61850.876495,61857.66,True,False,,17.9063,17.9063,492.6316,552.6446
2026-06-10T20:39:18.381025+00:00,btc-updown-5m-1781123700,Down,0.9408,0.62,39.7284,0.3208,24.6316,61857.658815,61808.13,True,False,,15.0968,15.0968,507.7284,567.7414
2026-06-10T20:49:16.606004+00:00,btc-updown-5m-1781124300,Down,0.9979,0.82,30.959,0.1779,25.3864,61768.364886315634,61742.52,True,False,,5.5726,5.5726,513.301,573.314
2026-06-10T20:54:32.361588+00:00,btc-updown-5m-1781124600,Down,1.0,0.94,2.01,0.06,1.8894,61742.51742,61707.38,True,False,,0.1206,0.1206,513.4216,573.4346
2026-06-10T20:59:33.568925+00:00,btc-updown-5m-1781124900,Up,0.9782,0.9,21.85,0.0782,19.665,61707.38492,61741.02,True,False,,2.185,2.185,515.6066,575.6196
2026-06-10T21:04:16.960566+00:00,btc-updown-5m-1781125200,Down,0.9376,0.8,32.2254,0.1376,25.7803,61741.01815895982,61693.12,True,False,,6.4451,6.4451,522.0517,582.0647
2026-06-10T21:19:18.241381+00:00,btc-updown-5m-1781126100,Up,0.9446,0.88,29.662,0.0646,26.1026,61474.531549320425,61542.04,True,False,,3.5594,3.5594,525.6111,585.6241
2026-06-10T21:49:18.153233+00:00,btc-updown-5m-1781127900,Up,0.9865,0.01,1226.43,0.9765,12.2643,61603.92650211523,61499.46,False,False,,-12.2643,-12.2643,513.3468,573.3598
2026-06-10T22:19:27.434764+00:00,btc-updown-5m-1781129700,Down,1.0,0.84,26.67,0.16,22.4028,61182.57505089382,61101.13,True,False,,4.2672,4.2672,517.614,577.627
2026-06-10T22:29:38.130687+00:00,btc-updown-5m-1781130300,Down,0.9362,0.74,34.9739,0.1962,25.8807,61212.46538992525,61188.09,True,False,,9.0932,9.0932,526.7072,586.7202
2026-06-10T22:34:39.309467+00:00,btc-updown-5m-1781130600,Up,1.0,0.94,28.0163,0.06,26.3354,61188.09455112186,61256.24,True,False,,1.6809,1.6809,528.3881,588.4011
2026-06-10T22:54:19.711520+00:00,btc-updown-5m-1781131800,Up,0.9246,0.54,48.9248,0.3846,26.4194,61351.811299914436,61386.96,True,False,,22.5054,22.5054,550.8935,610.9065
2026-06-10T23:04:15.805462+00:00,btc-updown-5m-1781132400,Down,0.9913,0.9,30.6052,0.0913,27.5447,61329.26825142612,61304.54,True,False,,3.0605,3.0605,553.954,613.967
2026-06-10T23:09:18.296425+00:00,btc-updown-5m-1781132700,Down,1.0,0.94,29.4656,0.06,27.6977,61304.543085,61255.9,True,False,,1.7679,1.7679,555.7219,615.7349
2026-06-10T23:39:16.047875+00:00,btc-updown-5m-1781134500,Up,0.961,0.7,39.6944,0.261,27.7861,61439.057982223516,61438.15,False,False,,-27.7861,-27.7861,527.9358,587.9488
2026-06-10T23:44:41.470352+00:00,btc-updown-5m-1781134800,Up,1.0,0.944,27.9627,0.056,26.3968,61438.15115700828,61489.76,True,False,,1.5659,1.5659,529.5017,589.5147
2026-06-10T23:59:17.367201+00:00,btc-updown-5m-1781135700,Down,0.9349,0.7,37.8216,0.2349,26.4751,61464.71310708184,61464.65,True,True,0.57,11.3465,-4.9168,540.8482,584.5979
2026-06-11T00:09:18.226951+00:00,btc-updown-5m-1781136300,Up,0.9911,0.79,34.2309,0.2011,27.0424,61516.10310550818,61540.91,True,False,,7.1885,7.1885,548.0367,591.7864
2026-06-11T00:14:16.766839+00:00,btc-updown-5m-1781136600,Up,1.0,0.93,29.4643,0.07,27.4018,61540.908317128764,61621.59,True,False,,2.0625,2.0625,550.0992,593.8489
2026-06-11T00:29:17.460819+00:00,btc-updown-5m-1781137500,Up,0.9937,0.58,47.4223,0.4137,27.505,61767.94853889529,61825.22,True,False,,19.9173,19.9173,570.0165,613.7662
2026-06-11T00:34:25.888771+00:00,btc-updown-5m-1781137800,Down,0.9331,0.87,32.7596,0.0631,28.5008,61825.22094242073,61785.36,True,False,,4.2588,4.2588,574.2753,618.025
2026-06-11T00:39:32.415171+00:00,btc-updown-5m-1781138100,Down,1.0,0.94,30.5466,0.06,28.7138,61785.36374373465,61722.75,True,False,,1.8328,1.8328,576.1081,619.8578
2026-06-11T00:44:19.625825+00:00,btc-updown-5m-1781138400,Up,0.9995,0.82,26.45,0.1795,21.689,61722.75006903312,61723.59,True,False,,4.761,4.761,580.8691,624.6188
2026-06-11T00:59:17.442465+00:00,btc-updown-5m-1781139300,Up,0.9966,0.9,32.2705,0.0966,29.0435,61759.65811679072,61813.91,True,False,,3.227,3.227,584.0961,627.8458
2026-06-11T01:09:30.648454+00:00,btc-updown-5m-1781139900,Down,0.9274,0.84,16.76,0.0874,14.0784,61893.45926023425,61860.89,True,False,,2.6816,2.6816,586.7777,630.5274
2026-06-11T01:24:15.703178+00:00,btc-updown-5m-1781140800,Up,0.9533,0.36,81.4969,0.5933,29.3389,62083.695405,62114.3,True,False,,52.158,52.158,638.9357,682.6854
2026-06-11T01:29:24.795264+00:00,btc-updown-5m-1781141100,Down,0.9902,0.87,36.7204,0.1202,31.9468,62114.303755,62108.98,True,False,,4.7736,4.7736,643.7093,687.459
2026-06-11T01:34:48.467549+00:00,btc-updown-5m-1781141400,Down,0.8651,0.3,107.2849,0.5651,32.1855,62108.976221534205,62120.68,False,True,0.22,-32.1855,-8.5828,611.5238,678.8762
2026-06-11T01:44:17.648547+00:00,btc-updown-5m-1781142000,Up,0.9838,0.52,58.8004,0.4638,30.5762,62191.92353,62204.32,True,False,,28.2242,28.2242,639.748,707.1004
2026-06-11T01:49:15.878092+00:00,btc-updown-5m-1781142300,Down,0.9092,0.71,45.0527,0.1992,31.9874,62204.315161013204,62209.83,False,False,,-31.9874,-31.9874,607.7606,675.113
2026-06-11T01:59:18.012722+00:00,btc-updown-5m-1781142900,Down,0.9208,0.12,253.2336,0.8008,30.388,62196.16978030007,62177.87,True,False,,222.8456,222.8456,830.6062,897.9586
2026-06-11T02:14:16.373282+00:00,btc-updown-5m-1781143800,Down,0.8521,0.24,43.0,0.6121,10.32,62108.74452603821,62115.42,False,True,0.35,-10.32,4.73,820.2862,902.6886
2026-06-11T02:44:33.818150+00:00,btc-updown-5m-1781145600,Down,0.8506,0.11,372.8574,0.7406,41.0143,62007.183285,62005.48,True,False,,331.8431,331.8431,1152.1293,1234.5317
2026-06-11T02:49:18.767189+00:00,btc-updown-5m-1781145900,Down,1.0,0.94,61.2835,0.06,57.6065,62005.481161113836,61934.24,True,False,,3.677,3.677,1155.8063,1238.2087
2026-06-11T02:59:26.822702+00:00,btc-updown-5m-1781146500,Up,0.9999,0.94,61.4791,0.0599,57.7903,62043.5141589688,62081.73,True,False,,3.6888,3.6888,1159.4951,1241.8975
2026-06-11T03:04:36.460716+00:00,btc-updown-5m-1781146800,Up,0.8608,0.64,54.61,0.2208,34.9504,62081.7330287603,62087.46,True,False,,19.6596,19.6596,1179.1547,1261.5571
2026-06-11T03:09:21.894435+00:00,btc-updown-5m-1781147100,Down,0.9996,0.91,9.26,0.0896,8.4266,62087.4628592842,62039.35,True,False,,0.8334,0.8334,1179.9881,1262.3905
2026-06-11T03:14:15.376676+00:00,btc-updown-5m-1781147400,Down,1.0,0.9,65.5549,0.1,58.9994,62039.35099,61998.39,True,False,,6.5555,6.5555,1186.5436,1268.946
2026-06-11T03:19:38.070250+00:00,btc-updown-5m-1781147700,Up,0.9998,0.88,67.4172,0.1198,59.3272,61998.392421996155,62025.78,True,False,,8.09,8.09,1194.6336,1277.036
2026-06-11T03:24:17.383929+00:00,btc-updown-5m-1781148000,Down,1.0,0.52,114.8686,0.48,59.7317,62025.780322380364,62025.96,False,False,,-59.7317,-59.7317,1134.9019,1217.3043
2026-06-11T03:29:18.532231+00:00,btc-updown-5m-1781148300,Up,0.9187,0.47,120.7342,0.4487,56.7451,62025.96415,62029.49,True,False,,63.9891,63.9891,1198.891,1281.2934
2026-06-11T03:39:15.407558+00:00,btc-updown-5m-1781148900,Down,0.963,0.87,34.25,0.093,29.7975,62348.35446880978,62324.26,True,False,,4.4525,4.4525,1203.3435,1285.7459
2026-06-11T03:44:21.757195+00:00,btc-updown-5m-1781149200,Down,0.8949,0.45,16.85,0.4449,7.5825,62324.264038979934,62297.88,True,False,,9.2675,9.2675,1212.611,1295.0134
2026-06-11T04:04:17.609307+00:00,btc-updown-5m-1781150400,Down,0.9891,0.9,67.3673,0.0891,60.6306,62641.912317332644,62575.75,True,False,,6.7367,6.7367,1219.3477,1301.7501
2026-06-11T04:09:17.393962+00:00,btc-updown-5m-1781150700,Down,0.9301,0.87,65.87,0.0601,57.3069,62575.74796335007,62524.1,True,False,,8.5631,8.5631,1227.9108,1310.3132
2026-06-11T04:19:17.539446+00:00,btc-updown-5m-1781151300,Down,0.9828,0.87,9.0,0.1128,7.83,62594.902494855814,62579.07,True,False,,1.17,1.17,1229.0808,1311.4832
2026-06-11T04:24:20.853008+00:00,btc-updown-5m-1781151600,Down,0.9948,0.72,42.66,0.2748,30.7152,62579.07001496623,62574.75,True,False,,11.9448,11.9448,1241.0256,1323.428
2026-06-11T04:29:18.187002+00:00,btc-updown-5m-1781151900,Down,0.9989,0.69,18.11,0.3089,12.4959,62574.7488000016,62540.82,True,False,,5.6141,5.6141,1246.6397,1329.0421
2026-06-11T04:44:15.994531+00:00,btc-updown-5m-1781152800,Down,0.9683,0.74,84.2324,0.2283,62.332,62583.24109241563,62579.43,True,False,,21.9004,21.9004,1268.5401,1350.9425
2026-06-11T04:54:16.342958+00:00,btc-updown-5m-1781153400,Up,0.9746,0.76,83.4566,0.2146,63.427,62702.916981314534,62726.43,True,False,,20.0296,20.0296,1288.5697,1370.9721
2026-06-11T05:09:17.330202+00:00,btc-updown-5m-1781154300,Up,0.9094,0.73,77.83,0.1794,56.8159,62512.36394341381,62523.36,True,False,,21.0141,21.0141,1309.5838,1391.9862
2026-06-11T05:14:32.581311+00:00,btc-updown-5m-1781154600,Up,0.9389,0.16,145.02,0.7789,23.2032,62523.36332744464,62551.56,True,False,,121.8168,121.8168,1431.4006,1513.803
2026-06-11T05:19:42.367795+00:00,btc-updown-5m-1781154900,Up,1.0,0.88,30.0,0.12,26.4,62551.55942211327,62567.93,True,False,,3.6,3.6,1435.0006,1517.403
2026-06-11T05:34:15.645384+00:00,btc-updown-5m-1781155800,Up,0.9626,0.77,93.1819,0.1926,71.75,62555.9998004522,62574.04,True,False,,21.4319,21.4319,1456.4325,1538.8349
2026-06-11T05:39:18.751406+00:00,btc-updown-5m-1781156100,Up,0.9948,0.82,35.0,0.1748,28.7,62574.036546544354,62562.55,False,False,,-28.7,-28.7,1427.7325,1510.1349
2026-06-11T05:54:17.276271+00:00,btc-updown-5m-1781157000,Up,0.9057,0.38,187.8595,0.5257,71.3866,62584.691784232695,62597.6,True,False,,116.4729,116.4729,1544.2054,1626.6078
2026-06-11T05:59:17.352681+00:00,btc-updown-5m-1781157300,Down,0.9395,0.39,15.0,0.5495,5.85,62597.60104661393,62536.72,True,False,,9.15,9.15,1553.3554,1635.7578
2026-06-11T06:04:18.057380+00:00,btc-updown-5m-1781157600,Up,0.9932,0.35,221.9079,0.6432,77.6678,62536.71748310445,62521.61,False,True,0.02,-77.6678,-73.2296,1475.6876,1562.5282
2026-06-11T06:19:31.565865+00:00,btc-updown-5m-1781158500,Down,0.9114,0.86,14.0,0.0514,12.04,62703.162592115,62696.46,True,False,,1.96,1.96,1477.6476,1564.4882
2026-06-11T06:44:21.010710+00:00,btc-updown-5m-1781160000,Down,0.9995,0.94,78.5983,0.0595,73.8824,62895.60106961176,62853.82,True,False,,4.7159,4.7159,1482.3635,1569.2041
2026-06-11T06:54:18.133349+00:00,btc-updown-5m-1781160600,Down,1.0,0.46,63.16,0.54,29.0536,62767.144606630645,62736.87,True,False,,34.1064,34.1064,1516.4699,1603.3105
2026-06-11T06:59:21.454886+00:00,btc-updown-5m-1781160900,Down,0.9946,0.94,80.6633,0.0546,75.8235,62736.87490751039,62707.03,True,False,,4.8398,4.8398,1521.3097,1608.1503
2026-06-11T07:09:15.594003+00:00,btc-updown-5m-1781161500,Down,0.9784,0.74,102.7912,0.2384,76.0655,62605.55348505067,62578.36,True,False,,26.7257,26.7257,1548.0354,1634.876
2026-06-11T07:14:52.182939+00:00,btc-updown-5m-1781161800,Up,0.8913,0.84,92.145,0.0513,77.4018,62578.35974464766,62592.63,True,False,,14.7432,14.7432,1562.7786,1649.6192
2026-06-11T07:19:16.350223+00:00,btc-updown-5m-1781162100,Up,0.9983,0.92,84.9336,0.0783,78.1389,62592.63261487476,62622.07,True,False,,6.7947,6.7947,1569.5733,1656.4139
2026-06-11T07:29:16.843259+00:00,btc-updown-5m-1781162700,Up,0.9996,0.6,71.16,0.3996,42.696,62656.03758550429,62718.46,True,False,,28.464,28.464,1598.0373,1684.8779
2026-06-11T07:54:18.069724+00:00,btc-updown-5m-1781164200,Down,0.9997,0.72,110.9748,0.2797,79.9019,62652.24087088193,62624.87,True,False,,31.0729,31.0729,1629.1102,1715.9508
2026-06-11T07:59:18.513438+00:00,btc-updown-5m-1781164500,Up,1.0,0.93,46.76,0.07,43.4868,62624.873049797236,62642.49,True,False,,3.2732,3.2732,1632.3834,1719.224
2026-06-11T13:59:20.651803+00:00,btc-updown-5m-1781186100,Up,0.856,0.02,299.72,0.836,5.9944,62976.58758898641,63003.88,True,False,,293.7256,293.7256,1926.109,2012.9496
2026-06-11T14:04:17.281425+00:00,btc-updown-5m-1781186400,Down,0.9972,0.93,103.5542,0.0672,96.3055,63003.881777000206,62975.85,True,False,,7.2487,7.2487,1933.3577,2020.1983
2026-06-11T14:19:25.879152+00:00,btc-updown-5m-1781187300,Down,0.9808,0.87,111.1125,0.1108,96.6679,62742.16314437464,62744.73,False,True,0.4,-96.6679,-52.2229,1836.6898,1967.9754
2026-06-11T14:39:20.436427+00:00,btc-updown-5m-1781188500,Up,0.8651,0.4,229.5862,0.4651,91.8345,62865.455530001855,62888.53,True,True,0.42,137.7517,4.5917,1974.4415,1972.5671
2026-06-11T14:44:15.914374+00:00,btc-updown-5m-1781188800,Down,0.9996,0.89,110.9237,0.1096,98.7221,62888.53054043565,62838.44,True,False,,12.2016,12.2016,1986.6431,1984.7687
2026-06-11T14:54:23.318329+00:00,btc-updown-5m-1781189400,Up,0.9519,0.81,122.6323,0.1419,99.3322,62859.277174475894,62859.95,True,False,,23.3001,23.3001,2009.9432,2008.0688
2026-06-11T15:04:25.233491+00:00,btc-updown-5m-1781190000,Down,0.9779,0.78,50.21,0.1979,39.1638,62670.926749840124,62640.78,True,False,,11.0462,11.0462,2020.9894,2019.115
2026-06-11T15:14:27.549406+00:00,btc-updown-5m-1781190600,Down,0.8967,0.6,156.46,0.2967,93.876,62715.088999121166,62637.89,True,False,,62.584,62.584,2083.5734,2081.699
2026-06-11T15:19:22.988827+00:00,btc-updown-5m-1781190900,Down,1.0,0.93,112.0201,0.07,104.1787,62637.89193746431,62613.57,True,False,,7.8414,7.8414,2091.4148,2089.5404
2026-06-11T15:34:18.978611+00:00,btc-updown-5m-1781191800,Up,0.9751,0.55,190.1286,0.4251,104.5707,62649.42568424482,62713.28,True,False,,85.5579,85.5579,2176.9727,2175.0983
2026-06-11T15:49:17.537266+00:00,btc-updown-5m-1781192700,Down,0.9639,0.84,89.5,0.1239,75.18,62627.94626459266,62564.37,True,False,,14.32,14.32,2191.2927,2189.4183
2026-06-11T15:54:16.638882+00:00,btc-updown-5m-1781193000,Down,0.9206,0.72,132.71,0.2006,95.5512,62564.37025660334,62570.45,False,True,0.26,-95.5512,-61.0466,2095.7415,2128.3717
2026-06-11T16:29:16.962703+00:00,btc-updown-5m-1781195100,Up,0.8679,0.76,25.02,0.1079,19.0152,62559.52775207915,62570.98,True,False,,6.0048,6.0048,2101.7463,2134.3765
2026-06-11T16:39:18.092916+00:00,btc-updown-5m-1781195700,Up,0.9696,0.89,112.34,0.0796,99.9826,62629.11594721553,62643.02,True,False,,12.3574,12.3574,2114.1037,2146.7339
2026-06-11T16:54:15.667222+00:00,btc-updown-5m-1781196600,Up,0.8897,0.76,91.4,0.1297,69.464,62548.30907,62554.46,True,False,,21.936,21.936,2136.0397,2168.6699
2026-06-11T16:59:18.978824+00:00,btc-updown-5m-1781196900,Down,0.9999,0.92,116.0891,0.0799,106.802,62554.4641116533,62511.12,True,False,,9.2871,9.2871,2145.3268,2177.957
2026-06-11T17:14:17.212870+00:00,btc-updown-5m-1781197800,Down,0.9798,0.92,116.5938,0.0598,107.2663,62442.38790481451,62400.2,True,False,,9.3275,9.3275,2154.6543,2187.2845
2026-06-11T17:19:16.209054+00:00,btc-updown-5m-1781198100,Down,1.0,0.89,121.048,0.11,107.7327,62400.20373,62348.03,True,False,,13.3153,13.3153,2167.9696,2200.5998
2026-06-11T17:24:20.292641+00:00,btc-updown-5m-1781198400,Down,0.942,0.87,124.596,0.072,108.3985,62348.02694046962,62334.16,True,False,,16.1975,16.1975,2184.1671,2216.7973
2026-06-11T17:44:15.536251+00:00,btc-updown-5m-1781199600,Up,0.9999,0.94,50.0,0.0599,47.0,63137.18489251126,63254.65,True,False,,3.0,3.0,2187.1671,2219.7973
2026-06-11T17:49:22.877357+00:00,btc-updown-5m-1781199900,Up,0.9978,0.89,14.1,0.1078,12.549,63254.65429083028,63523.98,True,False,,1.551,1.551,2188.7181,2221.3483
2026-06-11T17:59:23.812382+00:00,btc-updown-5m-1781200500,Up,0.972,0.92,57.73,0.052,53.1116,63389.30678398401,63444.57,True,False,,4.6184,4.6184,2193.3365,2225.9667
2026-06-11T18:19:17.497362+00:00,btc-updown-5m-1781201700,Up,0.9493,0.81,135.3911,0.1393,109.6668,63380.27071169484,63479.72,True,False,,25.7243,25.7243,2219.0608,2251.691
2026-06-11T18:29:28.453684+00:00,btc-updown-5m-1781202300,Up,0.9344,0.68,117.51,0.2544,79.9068,63298.10157327335,63314.49,True,False,,37.6032,37.6032,2256.664,2289.2942
2026-06-11T18:44:39.113286+00:00,btc-updown-5m-1781203200,Up,0.858,0.68,5.0,0.178,3.4,63456.217575,63464.4,True,False,,1.6,1.6,2258.264,2290.8942
2026-06-11T18:49:28.348148+00:00,btc-updown-5m-1781203500,Down,0.977,0.88,128.3105,0.097,112.9132,63464.40339125718,63449.42,True,False,,15.3973,15.3973,2273.6613,2306.2915
2026-06-11T18:54:15.477471+00:00,btc-updown-5m-1781203800,Up,0.9993,0.88,129.1853,0.1193,113.6831,63449.41520835708,63463.3,True,False,,15.5022,15.5022,2289.1635,2321.7937
2026-06-11T19:09:17.657163+00:00,btc-updown-5m-1781204700,Down,1.0,0.89,6.0,0.11,5.34,63448.14371,63376.82,True,False,,0.66,0.66,2289.8235,2322.4537
2026-06-11T19:24:25.716157+00:00,btc-updown-5m-1781205600,Up,0.9978,0.93,49.76,0.0678,46.2768,63561.10499642335,63609.91,True,False,,3.4832,3.4832,2293.3067,2325.9369
2026-06-11T19:44:18.986618+00:00,btc-updown-5m-1781206800,Up,1.0,0.82,139.8358,0.18,114.6653,63607.346153526916,63622.98,True,False,,25.1705,25.1705,2318.4772,2351.1074
2026-06-12T01:39:34.464216+00:00,btc-updown-5m-1781228100,Down,0.8519,0.29,40.21,0.5619,11.6609,63270.0045304809,63296.13,False,True,0.06,-11.6609,-9.2483,2306.8163,2341.8591
2026-06-12T01:44:17.357652+00:00,btc-updown-5m-1781228400,Up,0.9981,0.5,53.59,0.4981,26.795,63296.12987217072,63291.68,False,True,0.16,-26.795,-18.2206,2280.0213,2323.6385
2026-06-12T01:54:15.174877+00:00,btc-updown-5m-1781229000,Down,0.9995,0.39,9.63,0.6095,3.7557,63374.580592183134,63384.98,False,False,,-3.7557,-3.7557,2276.2656,2319.8828
2026-06-12T01:59:17.785210+00:00,btc-updown-5m-1781229300,Down,1.0,0.92,44.25,0.08,40.71,63384.98432802927,63349.28,True,False,,3.54,3.54,2279.8056,2323.4228
2026-06-12T02:04:17.745599+00:00,btc-updown-5m-1781229600,Up,1.0,0.93,122.5702,0.07,113.9903,63349.27735024291,63394.38,True,False,,8.5799,8.5799,2288.3855,2332.0027
2026-06-12T02:14:17.536317+00:00,btc-updown-5m-1781230200,Up,1.0,0.61,187.5726,0.39,114.4193,63493.9725169543,63587.11,True,False,,73.1533,73.1533,2361.5388,2405.156
2026-06-12T02:19:46.068105+00:00,btc-updown-5m-1781230500,Down,1.0,0.94,116.45,0.06,109.463,63587.110617409926,63527.29,True,False,,6.987,6.987,2368.5258,2412.143
2026-06-12T02:24:16.031000+00:00,btc-updown-5m-1781230800,Up,0.9998,0.78,151.8286,0.2198,118.4263,63527.28984927494,63577.32,True,False,,33.4023,33.4023,2401.9281,2445.5453
2026-06-12T02:44:16.288555+00:00,btc-updown-5m-1781232000,Down,0.8525,0.59,201.76,0.2625,119.0384,63515.155347770116,63525.08,False,True,0.77,-119.0384,36.3168,2282.8897,2481.8621
2026-06-12T02:54:16.165363+00:00,btc-updown-5m-1781232600,Down,0.9858,0.79,144.4867,0.1958,114.1445,63528.34351931467,63514.15,True,False,,30.3422,30.3422,2313.2319,2512.2043
2026-06-12T02:59:16.232622+00:00,btc-updown-5m-1781232900,Down,0.9773,0.29,398.8331,0.6873,115.6616,63514.14582385473,63548.56,False,True,0.32,-115.6616,11.965,2197.5703,2524.1693
2026-06-12T03:04:17.132013+00:00,btc-updown-5m-1781233200,Down,0.9924,0.79,139.0867,0.2024,109.8785,63548.557829992795,63509.51,True,False,,29.2082,29.2082,2226.7785,2553.3775
2026-06-12T03:09:17.113335+00:00,btc-updown-5m-1781233500,Down,0.9998,0.93,119.7193,0.0698,111.3389,63509.5098113835,63481.55,True,False,,8.3804,8.3804,2235.1589,2561.7579
2026-06-12T03:29:16.116403+00:00,btc-updown-5m-1781234700,Up,0.9379,0.76,147.0499,0.1779,111.7579,63333.695005354086,63346.08,True,False,,35.292,35.292,2270.4509,2597.0499
2026-06-12T03:34:25.416656+00:00,btc-updown-5m-1781235000,Up,0.9999,0.94,120.7687,0.0599,113.5225,63346.08334664177,63371.64,True,False,,7.2462,7.2462,2277.6971,2604.2961
2026-06-12T03:39:16.386399+00:00,btc-updown-5m-1781235300,Up,0.9881,0.09,437.13,0.8981,39.3417,63371.638345469124,63382.55,True,False,,397.7883,397.7883,2675.4854,3002.0844
2026-06-12T03:44:16.054129+00:00,btc-updown-5m-1781235600,Down,0.9268,0.75,117.93,0.1768,88.4475,63382.54517570107,63387.63,False,True,0.37,-88.4475,-44.8134,2587.0379,2957.271
2026-06-12T03:49:16.941354+00:00,btc-updown-5m-1781235900,Up,0.9952,0.74,174.7999,0.2552,129.3519,63387.62679997415,63384.16,False,True,0.14,-129.3519,-104.8799,2457.686,2852.3911
2026-06-12T03:59:43.157006+00:00,btc-updown-5m-1781236500,Up,0.9782,0.92,133.5699,0.0582,122.8843,63423.080670905154,63431.35,True,False,,10.6856,10.6856,2468.3716,2863.0767
2026-06-12T04:04:16.229443+00:00,btc-updown-5m-1781236800,Down,0.9427,0.67,103.08,0.2727,69.0636,63431.350229107586,63416.76,True,False,,34.0164,34.0164,2502.388,2897.0931
2026-06-12T04:39:18.032442+00:00,btc-updown-5m-1781238900,Down,0.9965,0.53,5.41,0.4665,2.8673,63638.825818424775,63650.31,False,True,0.11,-2.8673,-2.2722,2499.5207,2894.8209
2026-06-12T04:44:15.937970+00:00,btc-updown-5m-1781239200,Down,0.9148,0.68,183.7883,0.2348,124.976,63650.31472606835,63629.21,True,False,,58.8123,58.8123,2558.333,2953.6332
2026-06-12T04:49:48.947640+00:00,btc-updown-5m-1781239500,Down,0.8955,0.84,152.2817,0.0555,127.9167,63629.20724063046,63622.34,True,False,,24.365,24.365,2582.698,2977.9982
2026-06-12T04:59:16.341422+00:00,btc-updown-5m-1781240100,Down,0.9654,0.88,146.7442,0.0854,129.1349,63625.015716045564,63612.65,True,False,,17.6093,17.6093,2600.3073,2995.6075
2026-06-12T05:29:34.785111+00:00,btc-updown-5m-1781241900,Up,0.8638,0.74,96.68,0.1238,71.5432,63392.251757650425,63400.58,True,False,,25.1368,25.1368,2625.4441,3020.7443
2026-06-12T05:34:29.571791+00:00,btc-updown-5m-1781242200,Down,0.9974,0.93,46.73,0.0674,43.4589,63400.58198059836,63372.05,True,False,,3.2711,3.2711,2628.7152,3024.0154
2026-06-12T05:44:16.956059+00:00,btc-updown-5m-1781242800,Up,1.0,0.55,238.9741,0.45,131.4358,63265.34335056141,63312.68,True,False,,107.5383,107.5383,2736.2535,3131.5537
2026-06-12T05:49:16.732589+00:00,btc-updown-5m-1781243100,Down,0.9974,0.7,195.4467,0.2974,136.8127,63312.67971938141,63301.37,True,False,,58.634,58.634,2794.8875,3190.1877
2026-06-12T05:59:16.326413+00:00,btc-updown-5m-1781243700,Up,0.9903,0.51,274.0086,0.4803,139.7444,63274.55439,63273.42,False,True,0.07,-139.7444,-120.5638,2655.1431,3069.6239
2026-06-12T06:04:17.811558+00:00,btc-updown-5m-1781244000,Up,0.9541,0.86,54.73,0.0941,47.0678,63273.420635,63306.97,True,False,,7.6622,7.6622,2662.8053,3077.2861
2026-06-12T06:14:18.627105+00:00,btc-updown-5m-1781244600,Down,0.9994,0.93,143.1616,0.0694,133.1403,63247.418185,63197.51,True,False,,10.0213,10.0213,2672.8266,3087.3074
2026-06-12T06:39:18.139382+00:00,btc-updown-5m-1781246100,Down,1.0,0.75,130.0,0.25,97.5,62873.5983505607,62861.89,True,False,,32.5,32.5,2705.3266,3119.8074
2026-06-12T06:44:18.479808+00:00,btc-updown-5m-1781246400,Down,0.8625,0.76,177.982,0.1025,135.2663,62861.889489823065,62853.79,True,False,,42.7157,42.7157,2748.0423,3162.5231
2026-06-12T06:49:34.546006+00:00,btc-updown-5m-1781246700,Up,1.0,0.94,130.59,0.06,122.7546,62853.79445291037,62895.68,True,False,,7.8354,7.8354,2755.8777,3170.3585
2026-06-12T06:54:16.710899+00:00,btc-updown-5m-1781247000,Down,0.8604,0.69,106.15,0.1704,73.2435,62895.67993649754,62881.46,True,False,,32.9065,32.9065,2788.7842,3203.265
2026-06-12T06:59:16.749488+00:00,btc-updown-5m-1781247300,Up,0.9927,0.93,149.9346,0.0627,139.4392,62881.459135,62901.46,True,False,,10.4954,10.4954,2799.2796,3213.7604
2026-06-12T07:24:18.153434+00:00,btc-updown-5m-1781248800,Down,0.9778,0.41,341.3756,0.5678,139.964,62966.410382904694,62968.24,False,True,0.04,-139.964,-126.309,2659.3156,3087.4514
2026-06-12T13:29:15.878965+00:00,btc-updown-5m-1781270700,Down,0.9385,0.83,160.1997,0.1085,132.9658,63321.815663086316,63325.42,False,True,0.95,-132.9658,19.2239,2526.3498,3106.6753
2026-06-12T13:59:19.093742+00:00,btc-updown-5m-1781272500,Up,0.9982,0.92,111.19,0.0782,102.2948,63071.324241111564,63150.65,True,False,,8.8952,8.8952,2535.245,3115.5705
2026-06-12T14:09:18.026906+00:00,btc-updown-5m-1781273100,Up,0.8878,0.83,152.7256,0.0578,126.7622,63320.16276,63368.24,True,False,,25.9634,25.9634,2561.2084,3141.5339
2026-06-12T14:14:19.235939+00:00,btc-updown-5m-1781273400,Down,0.9937,0.69,19.0,0.3037,13.11,63368.242680375595,63391.83,False,True,0.51,-13.11,-3.42,2548.0984,3138.1139
2026-06-12T14:19:18.179917+00:00,btc-updown-5m-1781273700,Down,0.8648,0.79,1.62,0.0748,1.2798,63391.829815,63352.84,True,False,,0.3402,0.3402,2548.4386,3138.4541
2026-06-12T14:24:34.587362+00:00,btc-updown-5m-1781274000,Up,0.9663,0.89,143.1707,0.0763,127.4219,63352.84385,63373.58,True,False,,15.7488,15.7488,2564.1874,3154.2029
2026-06-12T14:49:23.952253+00:00,btc-updown-5m-1781275500,Down,0.86,0.74,95.0,0.12,70.3,63457.76078,63438.99,True,False,,24.7,24.7,2588.8874,3178.9029
2026-06-12T15:04:33.597265+00:00,btc-updown-5m-1781276400,Down,0.9883,0.89,145.4431,0.0983,129.4444,63949.27764504473,63876.46,True,False,,15.9987,15.9987,2604.8861,3194.9016
2026-06-12T15:24:28.677390+00:00,btc-updown-5m-1781277600,Down,0.9688,0.42,310.1055,0.5488,130.2443,64232.56289606776,64227.57,True,False,,179.8612,179.8612,2784.7473,3374.7628
2026-06-12T15:29:23.461712+00:00,btc-updown-5m-1781277900,Down,0.9971,0.94,30.0,0.0571,28.2,64227.56947163758,64158.61,True,False,,1.8,1.8,2786.5473,3376.5628
2026-06-12T15:39:15.324163+00:00,btc-updown-5m-1781278500,Down,0.9898,0.83,167.8643,0.1598,139.3274,63913.39534748611,63849.44,True,False,,28.5369,28.5369,2815.0842,3405.0997
2026-06-12T15:44:39.544312+00:00,btc-updown-5m-1781278800,Up,0.8583,0.06,887.64,0.7983,53.2584,63849.44055421818,63876.64,True,False,,834.3816,834.3816,3649.4658,4239.4813
2026-06-12T16:09:24.099080+00:00,btc-updown-5m-1781280300,Up,0.9908,0.92,198.3405,0.0708,182.4733,63659.076944164495,63718.63,True,False,,15.8672,15.8672,3665.333,4255.3485
2026-06-12T16:19:19.367415+00:00,btc-updown-5m-1781280900,Down,0.9915,0.77,8.0,0.2215,6.16,63837.099392141194,63758.31,True,False,,1.84,1.84,3667.173,4257.1885
2026-06-12T16:34:23.477280+00:00,btc-updown-5m-1781281800,Down,0.9997,0.9,203.7318,0.0997,183.3587,63873.05014395503,63848.2,True,False,,20.3731,20.3731,3687.5461,4277.5616
2026-06-12T16:54:36.059047+00:00,btc-updown-5m-1781283000,Down,0.8686,0.76,20.0,0.1086,15.2,63909.95066412093,63873.83,True,False,,4.8,4.8,3692.3461,4282.3616
2026-06-12T17:04:25.410305+00:00,btc-updown-5m-1781283600,Down,0.859,0.36,14.36,0.499,5.1696,63929.21074101938,63950.67,False,True,0.35,-5.1696,-0.1436,3687.1765,4282.218
2026-06-12T17:09:18.309904+00:00,btc-updown-5m-1781283900,Up,0.9664,0.62,297.3529,0.3464,184.3588,63950.670245606096,63996.06,True,False,,112.9941,112.9941,3800.1706,4395.2121
2026-06-12T17:34:44.103155+00:00,btc-updown-5m-1781285400,Up,0.8657,0.58,262.03,0.2857,151.9774,63779.28542936629,63775.48,False,True,0.09,-151.9774,-128.3947,3648.1932,4266.8174
2026-06-12T17:39:18.319286+00:00,btc-updown-5m-1781285700,Up,0.9061,0.84,217.1544,0.0661,182.4097,63775.47671653418,63802.75,True,False,,34.7447,34.7447,3682.9379,4301.5621
2026-06-12T17:44:21.700094+00:00,btc-updown-5m-1781286000,Down,0.9743,0.92,72.82,0.0543,66.9944,63802.7535610482,63787.03,True,False,,5.8256,5.8256,3688.7635,4307.3877
2026-06-12T17:49:19.613161+00:00,btc-updown-5m-1781286300,Up,0.8722,0.65,283.751,0.2222,184.4382,63787.02621117001,63813.08,True,False,,99.3128,99.3128,3788.0763,4406.7005
2026-06-12T17:59:18.083997+00:00,btc-updown-5m-1781286900,Down,0.9773,0.14,23.37,0.8373,3.2718,63814.33816604069,63815.21,False,True,0.17,-3.2718,0.7011,3784.8045,4407.4016
2026-06-12T18:04:23.466055+00:00,btc-updown-5m-1781287200,Up,0.8968,0.58,5.7,0.3168,3.306,63815.20816179345,63828.74,True,False,,2.394,2.394,3787.1985,4409.7956
2026-06-12T18:14:21.237164+00:00,btc-updown-5m-1781287800,Up,1.0,0.93,54.32,0.07,50.5176,63741.01088898446,63808.99,True,False,,3.8024,3.8024,3791.0009,4413.598
2026-06-12T18:24:16.421386+00:00,btc-updown-5m-1781288400,Up,0.8594,0.57,332.5439,0.2894,189.55,63661.60879532772,63681.75,True,False,,142.9939,142.9939,3933.9948,4556.5919
2026-06-12T18:29:17.054704+00:00,btc-updown-5m-1781288700,Up,0.9851,0.91,216.1536,0.0751,196.6997,63681.754794663786,63728.93,True,False,,19.4539,19.4539,3953.4487,4576.0458
2026-06-12T18:49:15.282513+00:00,btc-updown-5m-1781289900,Down,0.9406,0.89,222.1039,0.0506,197.6724,63825.95752126588,63788.99,True,False,,24.4315,24.4315,3977.8802,4600.4773
2026-06-12T18:54:24.905359+00:00,btc-updown-5m-1781290200,Down,0.9859,0.87,89.0,0.1159,77.43,63788.987298537664,63756.95,True,False,,11.57,11.57,3989.4502,4612.0473
2026-06-12T19:09:15.565645+00:00,btc-updown-5m-1781291100,Down,0.8801,0.78,223.79,0.1001,174.5562,63709.32666016373,63685.17,True,False,,49.2338,49.2338,4038.684,4661.2811
2026-06-12T19:14:17.348058+00:00,btc-updown-5m-1781291400,Down,0.9698,0.66,293.73,0.3098,193.8618,63685.16889580667,63684.34,True,False,,99.8682,99.8682,4138.5522,4761.1493
2026-06-12T19:29:16.734473+00:00,btc-updown-5m-1781292300,Up,0.9884,0.87,237.8478,0.1184,206.9276,63679.88095792855,63700.69,True,False,,30.9202,30.9202,4169.4724,4792.0695
2026-06-12T19:49:27.881918+00:00,btc-updown-5m-1781293500,Down,0.8656,0.68,14.23,0.1856,9.6764,63609.757145,63612.35,False,True,0.77,-9.6764,1.2807,4159.796,4793.3502
2026-06-12T19:54:23.714289+00:00,btc-updown-5m-1781293800,Down,1.0,0.94,221.2657,0.06,207.9898,63612.346795,63580.26,True,False,,13.2759,13.2759,4173.0719,4806.6261
2026-06-12T19:59:29.862567+00:00,btc-updown-5m-1781294100,Up,0.8762,0.4,521.634,0.4762,208.6536,63580.25527,63570.84,False,True,0.11,-208.6536,-151.2739,3964.4183,4655.3522
2026-06-12T20:09:17.561954+00:00,btc-updown-5m-1781294700,Up,0.8716,0.6,300.5,0.2716,180.3,63624.92032942711,63534.65,False,True,0.11,-180.3,-147.245,3784.1183,4508.1072
2026-06-12T20:14:33.947343+00:00,btc-updown-5m-1781295000,Up,0.8956,0.75,28.3,0.1456,21.225,63534.65091415067,63583.71,True,False,,7.075,7.075,3791.1933,4515.1822
2026-06-12T20:29:15.675393+00:00,btc-updown-5m-1781295900,Down,0.961,0.51,80.0,0.451,40.8,63492.7595,63480.36,True,False,,39.2,39.2,3830.3933,4554.3822
2026-06-12T20:39:16.859305+00:00,btc-updown-5m-1781296500,Up,0.9984,0.75,53.84,0.2484,40.38,63475.97662855552,63480.17,True,False,,13.46,13.46,3843.8533,4567.8422
2026-06-12T20:44:17.179704+00:00,btc-updown-5m-1781296800,Up,0.9877,0.56,141.13,0.4277,79.0328,63480.16742,63482.19,True,True,0.48,62.0972,-11.2904,3905.9505,4556.5518
2026-06-12T20:54:15.503928+00:00,btc-updown-5m-1781297400,Down,0.9582,0.81,129.41,0.1482,104.8221,63430.024535244454,63381.22,True,False,,24.5879,24.5879,3930.5384,4581.1397
2026-06-12T21:04:15.751289+00:00,btc-updown-5m-1781298000,Up,0.999,0.82,150.52,0.179,123.4264,63418.93897837282,63406.36,False,True,0.25,-123.4264,-85.7964,3807.112,4495.3433
2026-06-12T21:19:15.267370+00:00,btc-updown-5m-1781298900,Up,0.9997,0.87,218.7995,0.1297,190.3556,63567.9551,63568.75,True,False,,28.4439,28.4439,3835.5559,4523.7872
2026-06-12T21:39:16.661276+00:00,btc-updown-5m-1781300100,Up,0.9999,0.92,208.4541,0.0799,191.7778,63493.15734127924,63523.55,True,False,,16.6763,16.6763,3852.2322,4540.4635
2026-06-12T21:44:17.149311+00:00,btc-updown-5m-1781300400,Up,0.9954,0.36,174.23,0.6354,62.7228,63523.55179914106,63502.19,False,True,0.02,-62.7228,-59.2382,3789.5094,4481.2253
2026-06-12T22:09:15.901349+00:00,btc-updown-5m-1781301900,Down,0.9998,0.69,274.6021,0.3098,189.4755,63499.3722989522,63475.11,True,False,,85.1266,85.1266,3874.636,4566.3519
2026-06-12T22:19:17.499377+00:00,btc-updown-5m-1781302500,Up,0.9929,0.82,236.2583,0.1729,193.7318,63470.04603989281,63497.99,True,False,,42.5265,42.5265,3917.1625,4608.8784
2026-06-12T22:29:17.100647+00:00,btc-updown-5m-1781303100,Down,0.9054,0.8,176.98,0.1054,141.584,63586.65085,63571.44,True,False,,35.396,35.396,3952.5585,4644.2744
2026-06-12T22:39:16.789730+00:00,btc-updown-5m-1781303700,Up,1.0,0.88,21.13,0.12,18.5944,63459.953945,63456.93,False,False,,-18.5944,-18.5944,3933.9641,4625.68
2026-06-12T22:44:16.919787+00:00,btc-updown-5m-1781304000,Up,0.9943,0.89,221.0092,0.1043,196.6982,63456.92603,63475.84,True,False,,24.311,24.311,3958.2751,4649.991
2026-06-12T22:49:16.587923+00:00,btc-updown-5m-1781304300,Up,0.9841,0.68,82.36,0.3041,56.0048,63475.84134791162,63496.6,True,False,,26.3552,26.3552,3984.6303,4676.3462
2026-06-12T22:54:16.837428+00:00,btc-updown-5m-1781304600,Down,0.9999,0.52,60.0,0.4799,31.2,63496.60343,63472.57,True,False,,28.8,28.8,4013.4303,4705.1462
2026-06-12T23:04:17.433856+00:00,btc-updown-5m-1781305200,Down,1.0,0.9,134.95,0.1,121.455,63475.900276377586,63433.4,True,False,,13.495,13.495,4026.9253,4718.6412
2026-06-12T23:09:17.381018+00:00,btc-updown-5m-1781305500,Up,0.9861,0.93,216.5014,0.0561,201.3463,63433.401745124596,63430.72,False,True,0.05,-201.3463,-190.5212,3825.579,4528.12
2026-06-12T23:19:16.336592+00:00,btc-updown-5m-1781306100,Down,0.9615,0.84,150.31,0.1215,126.2604,63430.27958,63409.92,True,False,,24.0496,24.0496,3849.6286,4552.1696
2026-06-12T23:29:17.231206+00:00,btc-updown-5m-1781306700,Up,0.9984,0.33,158.55,0.6684,52.3215,63407.75273169872,63418.98,True,False,,106.2285,106.2285,3955.8571,4658.3981
2026-06-12T23:34:17.054806+00:00,btc-updown-5m-1781307000,Up,0.9722,0.8,41.21,0.1722,32.968,63418.97771204015,63440.85,True,False,,8.242,8.242,3964.0991,4666.6401
2026-06-12T23:39:16.924487+00:00,btc-updown-5m-1781307300,Down,0.9292,0.1,64.6,0.8292,6.46,63440.84500473739,63447.36,False,False,,-6.46,-6.46,3957.6391,4660.1801
2026-06-12T23:44:16.808670+00:00,btc-updown-5m-1781307600,Up,1.0,0.76,260.371,0.24,197.882,63447.358475044435,63467.72,True,False,,62.489,62.489,4020.1281,4722.6691
2026-06-12T23:49:16.584795+00:00,btc-updown-5m-1781307900,Up,0.9978,0.88,228.4164,0.1178,201.0064,63467.71876471937,63496.57,True,False,,27.41,27.41,4047.5381,4750.0791
2026-06-13T00:04:18.144511+00:00,btc-updown-5m-1781308800,Up,0.9955,0.79,38.73,0.2055,30.5967,63539.05371098142,63555.4,True,False,,8.1333,8.1333,4055.6714,4758.2124
2026-06-13T00:09:18.578930+00:00,btc-updown-5m-1781309100,Down,0.9999,0.62,265.53,0.3799,164.6286,63555.40029518008,63504.99,True,False,,100.9014,100.9014,4156.5728,4859.1138
2026-06-13T00:14:15.226743+00:00,btc-updown-5m-1781309400,Up,1.0,0.49,85.0,0.51,41.65,63504.98522976124,63556.35,True,False,,43.35,43.35,4199.9228,4902.4638
2026-06-13T00:19:18.034831+00:00,btc-updown-5m-1781309700,Down,0.9958,0.91,46.15,0.0858,41.9965,63556.347386518224,63522.57,True,False,,4.1535,4.1535,4204.0763,4906.6173
2026-06-13T00:24:17.726691+00:00,btc-updown-5m-1781310000,Up,1.0,0.56,28.0,0.44,15.68,63522.56909,63549.59,True,False,,12.32,12.32,4216.3963,4918.9373
2026-06-13T00:29:17.479429+00:00,btc-updown-5m-1781310300,Down,1.0,0.87,10.02,0.13,8.7174,63549.59019,63494.24,True,False,,1.3026,1.3026,4217.6989,4920.2399
2026-06-13T00:39:20.439261+00:00,btc-updown-5m-1781310900,Up,0.9898,0.92,229.2228,0.0698,210.8849,63538.94869940224,63569.25,True,False,,18.3379,18.3379,4236.0368,4938.5778
2026-06-13T00:49:16.277113+00:00,btc-updown-5m-1781311500,Down,0.8878,0.78,107.36,0.1078,83.7408,63558.782835,63548.73,True,False,,23.6192,23.6192,4259.656,4962.197
2026-06-13T00:54:48.942602+00:00,btc-updown-5m-1781311800,Up,1.0,0.55,190.27,0.45,104.6485,63548.734295,63565.78,True,False,,85.6215,85.6215,4345.2775,5047.8185
2026-06-13T00:59:18.595298+00:00,btc-updown-5m-1781312100,Up,1.0,0.58,224.02,0.42,129.9316,63565.775935,63580.06,True,False,,94.0884,94.0884,4439.3659,5141.9069
2026-06-13T01:04:17.820384+00:00,btc-updown-5m-1781312400,Up,0.9854,0.93,238.6756,0.0554,221.9683,63580.05564,63593.47,True,False,,16.7073,16.7073,4456.0732,5158.6142
2026-06-13T01:14:15.709289+00:00,btc-updown-5m-1781313000,Down,0.9756,0.55,133.31,0.4256,73.3205,63626.380825,63624.59,True,False,,59.9895,59.9895,4516.0627,5218.6037
2026-06-13T01:19:15.227234+00:00,btc-updown-5m-1781313300,Down,0.9965,0.94,99.71,0.0565,93.7274,63624.588755,63597.7,True,False,,5.9826,5.9826,4522.0453,5224.5863
2026-06-13T01:24:21.911999+00:00,btc-updown-5m-1781313600,Up,0.9976,0.6,376.8371,0.3976,226.1023,63597.70473052203,63609.43,True,False,,150.7348,150.7348,4672.7801,5375.3211
2026-06-13T01:34:28.630028+00:00,btc-updown-5m-1781314200,Up,0.9915,0.87,36.45,0.1215,31.7115,63621.98981,63643.54,True,False,,4.7385,4.7385,4677.5186,5380.0596
2026-06-13T01:49:15.392514+00:00,btc-updown-5m-1781315100,Up,0.9992,0.94,99.82,0.0592,93.8308,63737.04529,63777.04,True,False,,5.9892,5.9892,4683.5078,5386.0488
2026-06-13T01:54:18.789225+00:00,btc-updown-5m-1781315400,Up,0.9863,0.26,248.61,0.7263,64.6386,63777.0422,63775.06,False,True,0.28,-64.6386,4.9722,4618.8692,5391.021
